rank,rank_original,team,matches_played,wins,draws,losses,goal_difference,goals_for,goals_against,goals_field_was_corrupted,points_source_invalid,points,matches_check_ok,win_rate,draw_rate,loss_rate,points_per_match,goals_for_per_match,goals_against_per_match,goal_diff_per_match,win_loss_ratio,max_possible_points,points_efficiency_pct,experience_tier,rank_by_points,rank_by_win_rate,rank_by_goal_difference,rank_by_points_per_match
1,1.0,Real Madrid,486,291,85,110,533,1076,543,True,True,958,True,0.5988,0.1749,0.2263,1.9712,2.214,1.117,1.097,2.645,1458,65.71,1 - Elite (200+ matches),1,12,1,11
2,2.0,Bayern Munich,388,231,78,79,427,817,390,True,True,771,True,0.5954,0.201,0.2036,1.9871,2.106,1.005,1.101,2.924,1164,66.24,1 - Elite (200+ matches),2,13,2,10
3,3.0,FC Barcelona,341,196,77,68,319,675,356,True,True,665,True,0.5748,0.2258,0.1994,1.9501,1.979,1.044,0.935,2.882,1023,65.0,1 - Elite (200+ matches),3,15,3,12
4,4.0,Manchester United,289,153,69,67,224,524,300,True,True,528,True,0.5294,0.2388,0.2318,1.827,1.813,1.038,0.775,2.284,867,60.9,1 - Elite (200+ matches),4,22,4,19
5,5.0,Juventus,297,151,68,78,171,472,301,True,True,521,True,0.5084,0.229,0.2626,1.7542,1.589,1.013,0.576,1.936,891,58.47,1 - Elite (200+ matches),5,27,6,25
6,6.0,AC Milan,265,127,69,69,171,431,260,True,True,450,True,0.4792,0.2604,0.2604,1.6981,1.626,0.981,0.645,1.841,795,56.6,1 - Elite (200+ matches),6,62,6,34
7,7.0,Liverpool FC,230,128,48,54,214,435,221,True,True,432,True,0.5565,0.2087,0.2348,1.8783,1.891,0.961,0.93,2.37,690,62.61,1 - Elite (200+ matches),7,17,5,15
8,8.0,FC Porto,265,120,58,87,86,392,306,True,True,418,True,0.4528,0.2189,0.3283,1.5774,1.479,1.155,0.325,1.379,795,52.58,1 - Elite (200+ matches),8,76,14,56
9,9.0,SL Benfica,266,116,61,89,114,438,324,True,True,409,True,0.4361,0.2293,0.3346,1.5376,1.647,1.218,0.429,1.303,798,51.25,1 - Elite (200+ matches),9,82,11,63
10,10.0,Chelsea FC,197,101,52,44,153,337,184,True,True,355,True,0.5127,0.264,0.2234,1.802,1.711,0.934,0.777,2.295,591,60.07,2 - Established (100-199),10,26,8,22
11,11.0,AFC Ajax,215,100,50,65,105,347,242,True,True,350,True,0.4651,0.2326,0.3023,1.6279,1.614,1.126,0.488,1.538,645,54.26,1 - Elite (200+ matches),11,69,12,47
12,12.0,Inter Milan,203,97,53,53,77,286,209,True,True,344,True,0.4778,0.2611,0.2611,1.6946,1.409,1.03,0.379,1.83,609,56.49,1 - Elite (200+ matches),12,64,16,35
13,13.0,Arsenal FC,197,93,44,60,98,324,226,True,True,323,True,0.4721,0.2234,0.3046,1.6396,1.645,1.147,0.497,1.55,591,54.65,2 - Established (100-199),13,66,13,46
14,14.0,Borussia Dortmund,176,83,36,57,75,297,222,True,True,285,True,0.4716,0.2045,0.3239,1.6193,1.688,1.261,0.426,1.456,528,53.98,2 - Established (100-199),14,67,17,49
15,15.0,Atlético Madrid,166,79,44,43,78,242,164,True,True,281,True,0.4759,0.2651,0.259,1.6928,1.458,0.988,0.47,1.837,498,56.43,2 - Established (100-199),15,65,15,36
16,16.0,Paris Saint-Germain,151,79,29,43,115,294,179,True,True,266,True,0.5232,0.1921,0.2848,1.7616,1.947,1.185,0.762,1.837,453,58.72,2 - Established (100-199),16,24,10,24
17,17.0,Manchester City,127,72,26,29,123,269,146,True,True,242,True,0.5669,0.2047,0.2283,1.9055,2.118,1.15,0.969,2.483,381,63.52,2 - Established (100-199),17,16,9,14
18,18.0,Dinamo Kiev,186,65,41,80,-22,229,251,True,True,236,True,0.3495,0.2204,0.4301,1.2688,1.231,1.349,-0.118,0.812,558,42.29,2 - Established (100-199),18,122,298,127
19,19.0,PSV Eindhoven,171,58,43,70,-11,213,224,True,True,217,True,0.3392,0.2515,0.4094,1.269,1.246,1.31,-0.064,0.829,513,42.3,2 - Established (100-199),19,126,244,126
20,20.0,Celtic FC,156,61,28,67,-6,216,222,True,True,211,True,0.391,0.1795,0.4295,1.3526,1.385,1.423,-0.038,0.91,468,45.09,2 - Established (100-199),20,98,190,109
21,21.0,Olympique Lyon,136,58,36,42,49,216,167,True,True,210,True,0.4265,0.2647,0.3088,1.5441,1.588,1.228,0.36,1.381,408,51.47,2 - Established (100-199),21,84,18,60
22,22.0,RSC Anderlecht,163,53,35,75,-64,217,281,True,True,194,True,0.3252,0.2147,0.4601,1.1902,1.331,1.724,-0.393,0.707,489,39.67,2 - Established (100-199),22,148,348,146
23,23.0,Valencia CF,116,48,34,34,44,169,125,True,True,178,True,0.4138,0.2931,0.2931,1.5345,1.457,1.078,0.379,1.412,348,51.15,2 - Established (100-199),23,89,19,65
24,24.0,Galatasaray,161,43,41,77,-97,174,271,True,True,170,True,0.2671,0.2547,0.4783,1.0559,1.081,1.683,-0.602,0.558,483,35.2,2 - Established (100-199),24,172,354,173
25,25.0,Olympiakos Piraeus,156,47,28,81,-89,176,265,True,True,169,True,0.3013,0.1795,0.5192,1.0833,1.128,1.699,-0.571,0.58,468,36.11,2 - Established (100-199),25,157,352,169
26,26.0,Rangers FC,131,43,31,57,-44,173,217,True,True,160,True,0.3282,0.2366,0.4351,1.2214,1.321,1.656,-0.336,0.754,393,40.71,2 - Established (100-199),26,145,338,139
27,27.0,Crvena Zvezda,104,48,15,41,37,204,167,True,True,159,True,0.4615,0.1442,0.3942,1.5288,1.962,1.606,0.356,1.171,312,50.96,2 - Established (100-199),27,71,20,66
28,28.0,AS Roma,109,41,26,42,-10,149,159,True,True,149,True,0.3761,0.2385,0.3853,1.367,1.367,1.459,-0.092,0.976,327,45.57,2 - Established (100-199),28,106,240,105
29,29.0,Olympique Marseille,110,43,18,49,21,161,140,True,True,147,True,0.3909,0.1636,0.4455,1.3364,1.464,1.273,0.191,0.878,330,44.55,2 - Established (100-199),29,99,30,110
30,30.0,Panathinaikos,127,36,37,54,-39,138,177,True,True,145,True,0.2835,0.2913,0.4252,1.1417,1.087,1.394,-0.307,0.667,381,38.06,2 - Established (100-199),30,165,331,159
31,31.0,Shakhtar Donetsk,118,39,26,53,-47,161,208,True,True,143,True,0.3305,0.2203,0.4492,1.2119,1.364,1.763,-0.398,0.736,354,40.4,2 - Established (100-199),31,144,342,140
32,32.0,Bayer Leverkusen,107,37,25,45,-27,148,175,True,True,136,True,0.3458,0.2336,0.4206,1.271,1.383,1.636,-0.252,0.822,321,42.37,2 - Established (100-199),32,125,312,124
33,33.0,AS Monaco,98,35,21,42,7,146,139,True,True,126,True,0.3571,0.2143,0.4286,1.2857,1.49,1.418,0.071,0.833,294,42.86,3 - Emerging (50-99),33,114,46,122
34,34.0,Spartak Moskva,104,34,23,47,-23,146,169,True,True,125,True,0.3269,0.2212,0.4519,1.2019,1.404,1.625,-0.221,0.723,312,40.06,2 - Established (100-199),34,147,304,143
35,35.0,AC Sparta Praha,102,33,24,45,-24,130,154,True,True,123,True,0.3235,0.2353,0.4412,1.2059,1.275,1.51,-0.235,0.733,306,40.2,2 - Established (100-199),35,149,305,141
36,36.0,Feyenoord,85,32,22,31,28,141,113,True,True,118,True,0.3765,0.2588,0.3647,1.3882,1.659,1.329,0.329,1.032,255,46.27,3 - Emerging (50-99),36,105,25,101
37,37.0,CSKA Sofia,86,34,15,37,-7,124,131,True,True,117,True,0.3953,0.1744,0.4302,1.3605,1.442,1.523,-0.081,0.919,258,45.35,3 - Emerging (50-99),37,96,207,107
38,38.0,Club Brugge KV,97,31,22,44,-29,115,144,True,True,115,True,0.3196,0.2268,0.4536,1.1856,1.186,1.485,-0.299,0.705,291,39.52,3 - Emerging (50-99),38,150,318,148
39,39.0,SSC Napoli,66,30,17,19,30,113,83,True,True,107,True,0.4545,0.2576,0.2879,1.6212,1.712,1.258,0.455,1.579,198,54.04,3 - Emerging (50-99),39,74,23,48
40,40.0,FC Schalke 04,73,29,17,27,-6,105,111,True,True,104,True,0.3973,0.2329,0.3699,1.4247,1.438,1.521,-0.082,1.074,219,47.49,3 - Emerging (50-99),40,94,190,97
41,41.0,FC Basel,82,29,15,38,-36,113,149,True,True,102,True,0.3537,0.1829,0.4634,1.2439,1.378,1.817,-0.439,0.763,246,41.46,3 - Emerging (50-99),41,118,327,137
42,42.0,Sevilla FC,72,27,20,25,-2,105,107,True,True,101,True,0.375,0.2778,0.3472,1.4028,1.458,1.486,-0.028,1.08,216,46.76,3 - Emerging (50-99),42,107,115,99
43,43.0,IFK Göteborg,70,30,10,30,7,116,109,True,True,100,True,0.4286,0.1429,0.4286,1.4286,1.657,1.557,0.1,1.0,210,47.62,3 - Emerging (50-99),43,83,46,96
44,44.0,Sporting CP,92,28,15,49,-40,125,165,True,True,99,True,0.3043,0.163,0.5326,1.0761,1.359,1.793,-0.435,0.571,276,35.87,3 - Emerging (50-99),44,156,333,171
45,45.0,FCSB,87,25,22,40,-24,104,128,True,True,97,True,0.2874,0.2529,0.4598,1.1149,1.195,1.471,-0.276,0.625,261,37.16,3 - Emerging (50-99),45,162,305,164
46,46.0,Tottenham Hotspur,61,27,13,21,23,111,88,True,True,94,True,0.4426,0.2131,0.3443,1.541,1.82,1.443,0.377,1.286,183,51.37,3 - Emerging (50-99),46,78,28,61
47,47.0,CSKA Moskva,86,23,20,43,-43,98,141,True,True,89,True,0.2674,0.2326,0.5,1.0349,1.14,1.64,-0.5,0.535,258,34.5,3 - Emerging (50-99),47,171,336,175
48,48.0,Lazio Roma,60,23,16,21,9,88,79,True,True,85,True,0.3833,0.2667,0.35,1.4167,1.467,1.317,0.15,1.095,180,47.22,3 - Emerging (50-99),48,103,38,98
49,49.0,Deportivo La Coruña,58,23,15,20,-5,75,80,True,True,84,True,0.3966,0.2586,0.3448,1.4483,1.293,1.379,-0.086,1.15,174,48.28,3 - Emerging (50-99),49,95,173,93
50,50.0,Rosenborg BK,90,21,21,48,-63,111,174,True,True,84,True,0.2333,0.2333,0.5333,0.9333,1.233,1.933,-0.7,0.438,270,31.11,3 - Emerging (50-99),49,204,347,198
51,51.0,Werder Bremen,60,23,14,23,-3,96,99,True,True,83,True,0.3833,0.2333,0.3833,1.3833,1.6,1.65,-0.05,1.0,180,46.11,3 - Emerging (50-99),51,103,132,102
52,52.0,Girondins Bordeaux,50,21,16,13,0,54,54,True,True,79,True,0.42,0.32,0.26,1.58,1.08,1.08,0.0,1.615,150,52.67,3 - Emerging (50-99),52,86,85,55
53,53.0,Austria Wien,63,22,13,28,-9,91,100,True,True,79,True,0.3492,0.2063,0.4444,1.254,1.444,1.587,-0.143,0.786,189,41.8,3 - Emerging (50-99),52,123,230,129
54,54.0,Standard Liège,46,24,5,17,23,79,56,True,True,77,True,0.5217,0.1087,0.3696,1.6739,1.717,1.217,0.5,1.412,138,55.8,4 - Occasional (<50),54,25,28,39
55,55.0,Rapid Wien,61,24,5,32,-5,94,99,True,True,77,True,0.3934,0.082,0.5246,1.2623,1.541,1.623,-0.082,0.75,183,42.08,3 - Emerging (50-99),54,97,173,128
56,56.0,Zenit St. Petersburg,64,21,14,29,-15,76,91,True,True,77,True,0.3281,0.2188,0.4531,1.2031,1.188,1.422,-0.234,0.724,192,40.1,3 - Emerging (50-99),54,146,267,142
57,57.0,FK Viagem Příbram,45,22,10,13,17,75,58,True,True,76,True,0.4889,0.2222,0.2889,1.6889,1.667,1.289,0.378,1.692,135,56.3,4 - Occasional (<50),57,60,33,38
58,58.0,Bor. Mönchengladbach,51,19,16,16,30,99,69,True,True,73,True,0.3725,0.3137,0.3137,1.4314,1.941,1.353,0.588,1.188,153,47.71,3 - Emerging (50-99),58,112,23,95
59,59.0,Dinamo Bucureşti,54,21,9,24,-1,83,84,True,True,72,True,0.3889,0.1667,0.4444,1.3333,1.537,1.556,-0.019,0.875,162,44.44,3 - Emerging (50-99),59,100,101,111
60,60.0,RB Leipzig,46,22,6,18,-2,81,83,True,True,72,True,0.4783,0.1304,0.3913,1.5652,1.761,1.804,-0.043,1.222,138,52.17,4 - Occasional (<50),59,63,115,58
61,61.0,Fenerbahçe,73,20,10,43,-68,74,142,True,True,70,True,0.274,0.137,0.589,0.9589,1.014,1.945,-0.932,0.465,219,31.96,3 - Emerging (50-99),61,170,349,196
62,62.0,Leeds United,38,20,6,12,33,73,40,True,True,66,True,0.5263,0.1579,0.3158,1.7368,1.921,1.053,0.868,1.667,114,57.89,4 - Occasional (<50),62,23,21,31
63,63.0,ACF Fiorentina,39,18,12,9,8,53,45,True,True,66,True,0.4615,0.3077,0.2308,1.6923,1.359,1.154,0.205,2.0,117,56.41,4 - Occasional (<50),62,71,42,37
64,64.0,Górnik Zabrze,43,20,6,17,4,70,66,True,True,66,True,0.4651,0.1395,0.3953,1.5349,1.628,1.535,0.093,1.176,129,51.16,4 - Occasional (<50),62,69,54,64
65,65.0,Beşiktaş,70,17,13,40,-77,63,140,True,True,64,True,0.2429,0.1857,0.5714,0.9143,0.9,2.0,-1.1,0.425,210,30.48,3 - Emerging (50-99),65,201,351,202
66,66.0,AS Saint-Étienne,39,19,6,14,8,49,41,True,True,63,True,0.4872,0.1538,0.359,1.6154,1.256,1.051,0.205,1.357,117,53.85,4 - Occasional (<50),66,61,42,50
67,67.0,Hamburger SV,39,18,6,15,14,69,55,True,True,60,True,0.4615,0.1538,0.3846,1.5385,1.769,1.41,0.359,1.2,117,51.28,4 - Occasional (<50),67,71,34,62
68,68.0,Újpest FC,40,17,8,15,2,66,64,True,True,59,True,0.425,0.2,0.375,1.475,1.65,1.6,0.05,1.133,120,49.17,4 - Occasional (<50),68,85,64,91
69,69.0,Malmö FF,53,14,11,28,-57,45,102,True,True,53,True,0.2642,0.2075,0.5283,1.0,0.849,1.925,-1.075,0.5,159,33.33,3 - Emerging (50-99),69,173,346,178
70,70.0,FC Nantes,40,12,14,14,-2,52,54,True,True,50,True,0.3,0.35,0.35,1.25,1.3,1.35,-0.05,0.857,120,41.67,4 - Occasional (<50),70,158,115,130
71,71.0,BFC Dynamo,36,14,7,15,0,51,51,True,True,49,True,0.3889,0.1944,0.4167,1.3611,1.417,1.417,0.0,0.933,108,45.37,4 - Occasional (<50),71,100,85,106
72,72.0,Villarreal CF,40,11,15,14,-7,43,50,True,True,48,True,0.275,0.375,0.35,1.2,1.075,1.25,-0.175,0.786,120,40.0,4 - Occasional (<50),72,169,207,144
73,73.0,Hajduk Split,26,14,5,7,18,46,28,True,True,47,True,0.5385,0.1923,0.2692,1.8077,1.769,1.077,0.692,2.0,78,60.26,4 - Occasional (<50),73,21,31,21
74,74.0,Legia Warszawa,32,14,5,13,-8,43,51,True,True,47,True,0.4375,0.1562,0.4062,1.4688,1.344,1.594,-0.25,1.077,96,48.96,4 - Occasional (<50),73,79,219,92
75,75.0,Spartak Trnava,24,13,7,4,24,44,20,True,True,46,True,0.5417,0.2917,0.1667,1.9167,1.833,0.833,1.0,3.25,72,63.89,4 - Occasional (<50),75,20,27,13
76,76.0,Partizan,45,13,7,25,-13,61,74,True,True,46,True,0.2889,0.1556,0.5556,1.0222,1.356,1.644,-0.289,0.52,135,34.07,4 - Occasional (<50),75,161,257,177
77,77.0,AEK Athen,56,9,19,28,-42,58,100,True,True,46,True,0.1607,0.3393,0.5,0.8214,1.036,1.786,-0.75,0.321,168,27.38,3 - Emerging (50-99),75,237,335,217
78,78.0,Stade Reims,24,14,3,7,33,63,30,True,True,45,True,0.5833,0.125,0.2917,1.875,2.625,1.25,1.375,2.0,72,62.5,4 - Occasional (<50),78,14,21,16
79,79.0,FC København,44,11,12,21,-28,39,67,True,True,45,True,0.25,0.2727,0.4773,1.0227,0.886,1.523,-0.636,0.524,132,34.09,4 - Occasional (<50),78,174,315,176
80,80.0,Budapesti Vasas,27,12,6,9,28,62,34,True,True,42,True,0.4444,0.2222,0.3333,1.5556,2.296,1.259,1.037,1.333,81,51.85,4 - Occasional (<50),80,77,25,59
81,81.0,Dynamo Dresden,30,12,6,12,4,48,44,True,True,42,True,0.4,0.2,0.4,1.4,1.6,1.467,0.133,1.0,90,46.67,4 - Occasional (<50),80,91,54,100
82,82.0,Lille OSC,46,9,15,22,-19,38,57,True,True,42,True,0.1957,0.3261,0.4783,0.913,0.826,1.239,-0.413,0.409,138,30.43,4 - Occasional (<50),80,212,286,203
83,83.0,Nottingham Forest,20,12,4,4,18,32,14,True,True,40,True,0.6,0.2,0.2,2.0,1.6,0.7,0.9,3.0,60,66.67,4 - Occasional (<50),83,10,31,6
84,84.0,BSC Young Boys,35,10,9,16,-22,47,69,True,True,39,True,0.2857,0.2571,0.4571,1.1143,1.343,1.971,-0.629,0.625,105,37.14,4 - Occasional (<50),84,163,298,165
85,85.0,FC Zürich,33,12,3,18,-22,42,64,True,True,39,True,0.3636,0.0909,0.5455,1.1818,1.273,1.939,-0.667,0.667,99,39.39,4 - Occasional (<50),84,113,298,149
86,86.0,RB Salzburg,38,9,11,18,-18,50,68,True,True,38,True,0.2368,0.2895,0.4737,1.0,1.316,1.789,-0.474,0.5,114,33.33,4 - Occasional (<50),86,202,280,178
87,87.0,Real Sociedad,32,9,9,14,-7,28,35,True,True,36,True,0.2812,0.2812,0.4375,1.125,0.875,1.094,-0.219,0.643,96,37.5,4 - Occasional (<50),87,166,207,160
88,88.0,Ferencvárosi TC,32,10,6,16,-19,55,74,True,True,36,True,0.3125,0.1875,0.5,1.125,1.719,2.312,-0.594,0.625,96,37.5,4 - Occasional (<50),87,152,286,160
89,89.0,Grasshopper Club Zürich,38,9,8,21,-12,55,67,True,True,35,True,0.2368,0.2105,0.5526,0.9211,1.447,1.763,-0.316,0.429,114,30.7,4 - Occasional (<50),89,202,251,200
90,90.0,Lokomotiv Moskva,44,9,8,27,-29,40,69,True,True,35,True,0.2045,0.1818,0.6136,0.7955,0.909,1.568,-0.659,0.333,132,26.52,4 - Occasional (<50),89,208,318,218
91,91.0,Omonia Nikosia,36,11,2,23,-43,45,88,True,True,35,True,0.3056,0.0556,0.6389,0.9722,1.25,2.444,-1.194,0.478,108,32.41,4 - Occasional (<50),89,155,336,195
92,92.0,VfL Wolfsburg,22,10,3,9,0,29,29,True,True,33,True,0.4545,0.1364,0.4091,1.5,1.318,1.318,0.0,1.111,66,50.0,4 - Occasional (<50),92,74,85,67
93,93.0,Budapest Honvéd,26,10,3,13,-16,33,49,True,True,33,True,0.3846,0.1154,0.5,1.2692,1.269,1.885,-0.615,0.769,78,42.31,4 - Occasional (<50),92,102,270,125
94,94.0,Dinamo Zagreb,54,8,9,37,-73,42,115,True,True,33,True,0.1481,0.1667,0.6852,0.6111,0.778,2.13,-1.352,0.216,162,20.37,3 - Emerging (50-99),92,240,350,241
95,95.0,Athletic Bilbao,24,8,7,9,0,32,32,True,True,31,True,0.3333,0.2917,0.375,1.2917,1.333,1.333,0.0,0.889,72,43.06,4 - Occasional (<50),95,127,85,121
96,96.0,VfB Stuttgart,27,8,7,12,-9,33,42,True,True,31,True,0.2963,0.2593,0.4444,1.1481,1.222,1.556,-0.333,0.667,81,38.27,4 - Occasional (<50),95,159,230,157
97,97.0,Aston Villa,15,9,3,3,14,24,10,True,True,30,True,0.6,0.2,0.2,2.0,1.6,0.667,0.933,3.0,45,66.67,4 - Occasional (<50),97,10,34,6
98,98.0,Atalanta,23,8,6,9,-3,40,43,True,True,30,True,0.3478,0.2609,0.3913,1.3043,1.739,1.87,-0.13,0.889,69,43.48,4 - Occasional (<50),97,124,132,118
99,99.0,1. FC Köln,17,7,8,2,8,27,19,True,True,29,True,0.4118,0.4706,0.1176,1.7059,1.588,1.118,0.471,3.5,51,56.86,4 - Occasional (<50),99,90,42,32
100,100.0,Newcastle United,24,8,4,12,-7,29,36,True,True,28,True,0.3333,0.1667,0.5,1.1667,1.208,1.5,-0.292,0.667,72,38.89,4 - Occasional (<50),100,127,207,150
101,101.0,Trabzonspor,20,7,5,8,-9,15,24,False,True,26,True,0.35,0.25,0.4,1.3,0.75,1.2,-0.45,0.875,60,43.33,4 - Occasional (<50),101,120,230,119
102,102.0,Linfield FC,40,5,11,23,-39,46,85,True,True,26,False,0.125,0.275,0.575,0.65,1.15,2.125,-0.975,0.217,120,21.67,4 - Occasional (<50),101,244,331,237
103,103.0,APOEL Nikosia,40,5,11,24,-55,27,82,True,True,26,True,0.125,0.275,0.6,0.65,0.675,2.05,-1.375,0.208,120,21.67,4 - Occasional (<50),101,244,345,237
104,104.0,Eintracht Frankfurt,15,7,3,5,2,30,28,True,True,24,True,0.4667,0.2,0.3333,1.6,2.0,1.867,0.133,1.4,45,53.33,4 - Occasional (<50),104,68,64,51
105,105.0,RC Lens,18,6,6,6,-6,22,28,False,True,24,True,0.3333,0.3333,0.3333,1.3333,1.222,1.556,-0.333,1.0,54,44.44,4 - Occasional (<50),104,127,190,111
106,106.0,FC Wacker Innsbruck,22,7,3,12,-12,34,46,True,True,24,True,0.3182,0.1364,0.5455,1.0909,1.545,2.091,-0.545,0.583,66,36.36,4 - Occasional (<50),104,151,251,168
107,107.0,OGC Nice,14,7,2,5,4,29,25,True,True,23,True,0.5,0.1429,0.3571,1.6429,2.071,1.786,0.286,1.4,42,54.76,4 - Occasional (<50),107,28,54,45
108,108.0,Slovan Bratislava,16,7,2,7,-4,21,25,False,True,23,True,0.4375,0.125,0.4375,1.4375,1.312,1.562,-0.25,1.0,48,47.92,4 - Occasional (<50),107,79,155,94
109,109.0,Sturm Graz,24,7,2,15,-33,20,53,False,True,23,True,0.2917,0.0833,0.625,0.9583,0.833,2.208,-1.375,0.467,72,31.94,4 - Occasional (<50),107,160,326,197
110,110.0,Győri ETO FC,14,7,1,6,-3,27,30,True,True,22,True,0.5,0.0714,0.4286,1.5714,1.929,2.143,-0.214,1.167,42,52.38,4 - Occasional (<50),110,28,132,57
111,,Servette FC,17,6,4,7,-3,27,30,True,True,22,True,0.3529,0.2353,0.4118,1.2941,1.588,1.765,-0.176,0.857,51,43.14,4 - Occasional (<50),110,119,132,120
112,112.0,Aarhus GF,18,6,4,8,-3,22,25,False,True,22,True,0.3333,0.2222,0.4444,1.2222,1.222,1.389,-0.167,0.75,54,40.74,4 - Occasional (<50),110,127,132,138
113,113.0,1. FC Frankfurt (Oder),21,7,1,12,-9,23,32,False,True,22,False,0.3333,0.0476,0.5714,1.0476,1.095,1.524,-0.429,0.583,63,34.92,4 - Occasional (<50),110,127,230,174
114,114.0,Lech Poznań,16,7,1,8,-9,22,31,False,True,22,True,0.4375,0.0625,0.5,1.375,1.375,1.938,-0.562,0.875,48,45.83,4 - Occasional (<50),110,79,230,103
115,115.0,AJ Auxerre,20,7,1,12,-14,16,30,False,True,22,True,0.35,0.05,0.6,1.1,0.8,1.5,-0.7,0.583,60,36.67,4 - Occasional (<50),110,120,261,166
116,116.0,Jeunesse Esch,39,6,3,30,-90,44,134,True,True,21,True,0.1538,0.0769,0.7692,0.5385,1.128,3.436,-2.308,0.2,117,17.95,4 - Occasional (<50),116,238,353,251
117,117.0,Sampdoria,11,6,2,3,11,21,10,False,True,20,True,0.5455,0.1818,0.2727,1.8182,1.909,0.909,1.0,2.0,33,60.61,4 - Occasional (<50),117,19,36,20
118,118.0,Derby County,12,6,2,4,6,18,12,False,True,20,True,0.5,0.1667,0.3333,1.6667,1.5,1.0,0.5,1.5,36,55.56,4 - Occasional (<50),117,28,49,40
119,119.0,1. FC Kaiserslautern,12,6,2,4,2,18,16,False,True,20,True,0.5,0.1667,0.3333,1.6667,1.5,1.333,0.167,1.5,36,55.56,4 - Occasional (<50),117,28,64,40
120,120.0,Brøndby IF,20,5,5,10,-13,22,35,False,True,20,True,0.25,0.25,0.5,1.0,1.1,1.75,-0.65,0.5,60,33.33,4 - Occasional (<50),117,174,257,178
121,121.0,HJK Helsinki,28,6,2,20,-46,26,72,True,True,20,True,0.2143,0.0714,0.7143,0.7143,0.929,2.571,-1.643,0.3,84,23.81,4 - Occasional (<50),117,206,340,231
122,122.0,Erzgebirge Aue,16,5,4,7,3,26,23,True,True,19,True,0.3125,0.25,0.4375,1.1875,1.625,1.438,0.188,0.714,48,39.58,4 - Occasional (<50),122,152,60,147
123,123.0,Aberdeen FC,12,5,4,3,2,14,12,False,True,19,True,0.4167,0.3333,0.25,1.5833,1.167,1.0,0.167,1.667,36,52.78,4 - Occasional (<50),122,87,64,54
124,124.0,Ruch Chorzów,14,5,4,5,-5,20,25,False,True,19,True,0.3571,0.2857,0.3571,1.3571,1.429,1.786,-0.357,1.0,42,45.24,4 - Occasional (<50),122,114,173,108
125,125.0,BATE Borisov,30,4,7,19,-52,22,74,False,True,19,True,0.1333,0.2333,0.6333,0.6333,0.733,2.467,-1.733,0.211,90,21.11,4 - Occasional (<50),122,243,344,239
126,126.0,Dnipro Dnipropetrovsk,12,5,3,4,2,15,13,False,True,18,True,0.4167,0.25,0.3333,1.5,1.25,1.083,0.167,1.25,36,50.0,4 - Occasional (<50),126,87,64,67
127,127.0,Baník Ostrava,14,5,3,6,-5,18,23,False,True,18,True,0.3571,0.2143,0.4286,1.2857,1.286,1.643,-0.357,0.833,42,42.86,4 - Occasional (<50),126,114,173,122
128,128.0,CFR Cluj,18,5,3,10,-8,20,28,False,True,18,True,0.2778,0.1667,0.5556,1.0,1.111,1.556,-0.444,0.5,54,33.33,4 - Occasional (<50),126,167,219,178
129,129.0,Boavista,18,4,6,8,-11,14,25,False,True,18,True,0.2222,0.3333,0.4444,1.0,0.778,1.389,-0.611,0.5,54,33.33,4 - Occasional (<50),126,205,244,178
130,130.0,Leicester City,10,5,2,3,1,11,10,False,True,17,True,0.5,0.2,0.3,1.7,1.1,1.0,0.1,1.667,30,56.67,4 - Occasional (<50),130,28,76,33
131,131.0,Widzew Łódź,16,5,2,9,-3,27,30,True,True,17,True,0.3125,0.125,0.5625,1.0625,1.688,1.875,-0.188,0.556,48,35.42,4 - Occasional (<50),130,152,132,172
132,132.0,Levski Sofia,28,4,5,19,-26,35,61,True,True,17,True,0.1429,0.1786,0.6786,0.6071,1.25,2.179,-0.929,0.211,84,20.24,4 - Occasional (<50),130,241,311,242
133,133.0,Dundee United,8,5,1,2,9,14,5,False,True,16,True,0.625,0.125,0.25,2.0,1.75,0.625,1.125,2.5,24,66.67,4 - Occasional (<50),133,6,38,6
134,134.0,Málaga CF,10,4,4,2,7,16,9,False,True,16,True,0.4,0.4,0.2,1.6,1.6,0.9,0.7,2.0,30,53.33,4 - Occasional (<50),133,91,46,51
135,135.0,MTK Budapest,10,5,1,4,4,26,22,True,True,16,True,0.5,0.1,0.4,1.6,2.6,2.2,0.4,1.25,30,53.33,4 - Occasional (<50),133,28,54,51
136,136.0,Wiener Sport-Club,12,4,4,4,3,21,18,False,True,16,True,0.3333,0.3333,0.3333,1.3333,1.75,1.5,0.25,1.0,36,44.44,4 - Occasional (<50),133,127,60,111
137,137.0,1. FC Nürnberg,8,5,1,2,2,16,14,False,True,16,True,0.625,0.125,0.25,2.0,2.0,1.75,0.25,2.5,24,66.67,4 - Occasional (<50),133,6,64,6
138,138.0,Vojvodina,9,5,1,3,1,10,9,False,True,16,True,0.5556,0.1111,0.3333,1.7778,1.111,1.0,0.111,1.667,27,59.26,4 - Occasional (<50),133,18,76,23
139,139.0,FC Kuusysi (old),14,5,1,8,-13,12,25,False,True,16,True,0.3571,0.0714,0.5714,1.1429,0.857,1.786,-0.929,0.625,42,38.1,4 - Occasional (<50),133,114,257,158
140,140.0,Sporting Braga,18,5,1,12,-18,18,36,False,True,16,True,0.2778,0.0556,0.6667,0.8889,1.0,2.0,-1.0,0.417,54,29.63,4 - Occasional (<50),133,167,280,204
141,141.0,FC Ararat,6,5,0,1,9,14,5,False,True,15,True,0.8333,0.0,0.1667,2.5,2.333,0.833,1.5,5.0,18,83.33,4 - Occasional (<50),141,1,38,1
142,142.0,Dundee FC,8,5,0,3,6,20,14,False,True,15,True,0.625,0.0,0.375,1.875,2.5,1.75,0.75,1.667,24,62.5,4 - Occasional (<50),141,6,49,16
143,143.0,FC Carl Zeiss Jena,8,5,0,3,1,12,11,False,True,15,True,0.625,0.0,0.375,1.875,1.5,1.375,0.125,1.667,24,62.5,4 - Occasional (<50),141,6,76,16
144,144.0,Glentoran FC,20,3,6,11,-19,18,37,False,True,15,True,0.15,0.3,0.55,0.75,0.9,1.85,-0.95,0.273,60,25.0,4 - Occasional (<50),141,239,286,220
145,145.0,Viktoria Plzeň,24,4,3,17,-46,23,69,False,True,15,True,0.1667,0.125,0.7083,0.625,0.958,2.875,-1.917,0.235,72,20.83,4 - Occasional (<50),141,215,340,240
146,146.0,FC Universitatea Craiova,12,4,2,6,-3,14,17,False,True,14,True,0.3333,0.1667,0.5,1.1667,1.167,1.417,-0.25,0.667,36,38.89,4 - Occasional (<50),146,127,132,150
147,147.0,Lillestrøm SK,12,3,5,4,-5,10,15,False,True,14,True,0.25,0.4167,0.3333,1.1667,0.833,1.25,-0.417,0.75,36,38.89,4 - Occasional (<50),146,174,173,150
148,148.0,AFC DWS,6,4,1,1,9,13,4,False,True,13,True,0.6667,0.1667,0.1667,2.1667,2.167,0.667,1.5,4.0,18,72.22,4 - Occasional (<50),148,5,38,5
149,149.0,Vejle BK,12,3,4,5,-9,13,22,False,True,13,True,0.25,0.3333,0.4167,1.0833,1.083,1.833,-0.75,0.6,36,36.11,4 - Occasional (<50),148,174,230,169
150,150.0,Sliema Wanderers,14,4,1,9,-25,10,35,False,True,13,True,0.2857,0.0714,0.6429,0.9286,0.714,2.5,-1.786,0.444,42,30.95,4 - Occasional (<50),148,163,310,199
151,151.0,Argeș Pitești,8,4,0,4,3,13,10,False,True,12,True,0.5,0.0,0.5,1.5,1.625,1.25,0.375,1.0,24,50.0,4 - Occasional (<50),151,28,60,67
152,152.0,Dinamo Minsk,8,3,3,2,2,16,14,False,True,12,True,0.375,0.375,0.25,1.5,2.0,1.75,0.25,1.5,24,50.0,4 - Occasional (<50),151,107,64,67
153,153.0,Neuchâtel Xamax FCS,8,4,0,4,1,14,13,False,True,12,True,0.5,0.0,0.5,1.5,1.75,1.625,0.125,1.0,24,50.0,4 - Occasional (<50),151,28,76,67
154,154.0,Åtvidabergs FF,8,4,0,4,0,12,12,False,True,12,True,0.5,0.0,0.5,1.5,1.5,1.5,0.0,1.0,24,50.0,4 - Occasional (<50),151,28,85,67
155,155.0,Rubin Kazan,12,2,6,4,-5,6,11,False,True,12,True,0.1667,0.5,0.3333,1.0,0.5,0.917,-0.417,0.5,36,33.33,4 - Occasional (<50),151,215,173,178
156,156.0,KF Tiranë,16,3,3,10,-10,14,24,False,True,12,True,0.1875,0.1875,0.625,0.75,0.875,1.5,-0.625,0.3,48,25.0,4 - Occasional (<50),151,213,240,220
157,157.0,Esbjerg fB,12,3,3,6,-17,11,28,False,True,12,True,0.25,0.25,0.5,1.0,0.917,2.333,-1.417,0.5,36,33.33,4 - Occasional (<50),151,174,276,178
158,158.0,Everton FC,8,2,5,1,6,12,6,False,True,11,True,0.25,0.625,0.125,1.375,1.5,0.75,0.75,2.0,24,45.83,4 - Occasional (<50),158,174,49,103
159,159.0,AZ Alkmaar,10,2,5,3,-2,12,14,False,True,11,True,0.2,0.5,0.3,1.1,1.2,1.4,-0.2,0.667,30,36.67,4 - Occasional (<50),158,209,115,166
160,160.0,IFK Norrköping,12,2,5,5,-6,14,20,False,True,11,True,0.1667,0.4167,0.4167,0.9167,1.167,1.667,-0.5,0.4,36,30.56,4 - Occasional (<50),158,215,190,201
161,161.0,FK Partizani,14,3,2,9,-19,7,26,False,True,11,True,0.2143,0.1429,0.6429,0.7857,0.5,1.857,-1.357,0.333,42,26.19,4 - Occasional (<50),158,206,286,219
162,162.0,Hibernian FC,6,3,1,2,4,9,5,False,True,10,True,0.5,0.1667,0.3333,1.6667,1.5,0.833,0.667,1.5,18,55.56,4 - Occasional (<50),162,28,54,40
163,163.0,RC Strasbourg,6,3,1,2,2,8,6,False,True,10,True,0.5,0.1667,0.3333,1.6667,1.333,1.0,0.333,1.5,18,55.56,4 - Occasional (<50),162,28,64,40
164,164.0,IFK Malmö,6,3,1,2,0,7,7,False,True,10,True,0.5,0.1667,0.3333,1.6667,1.167,1.167,0.0,1.5,18,55.56,4 - Occasional (<50),162,28,85,40
165,165.0,KAA Gent,8,3,1,4,-1,10,11,False,True,10,True,0.375,0.125,0.5,1.25,1.25,1.375,-0.125,0.75,24,41.67,4 - Occasional (<50),162,107,101,130
166,166.0,Lokomotiv Sofia,8,3,1,4,-2,19,21,False,True,10,True,0.375,0.125,0.5,1.25,2.375,2.625,-0.25,0.75,24,41.67,4 - Occasional (<50),162,107,115,130
167,167.0,Hertha BSC,12,2,4,6,-8,10,18,False,True,10,True,0.1667,0.3333,0.5,0.8333,0.833,1.5,-0.667,0.333,36,27.78,4 - Occasional (<50),162,215,219,209
168,168.0,Aalborg BK,12,2,4,6,-12,14,26,False,True,10,True,0.1667,0.3333,0.5,0.8333,1.167,2.167,-1.0,0.333,36,27.78,4 - Occasional (<50),162,215,251,209
169,169.0,Maccabi Haifa,18,3,1,14,-22,19,41,False,True,10,True,0.1667,0.0556,0.7778,0.5556,1.056,2.278,-1.222,0.214,54,18.52,4 - Occasional (<50),162,215,298,249
170,170.0,NK Maribor,18,1,7,10,-32,9,41,False,True,10,True,0.0556,0.3889,0.5556,0.5556,0.5,2.278,-1.778,0.1,54,18.52,4 - Occasional (<50),162,264,324,249
171,171.0,Ipswich Town,4,3,0,1,11,16,5,False,True,9,True,0.75,0.0,0.25,2.25,4.0,1.25,2.75,3.0,12,75.0,4 - Occasional (<50),171,2,36,2
172,172.0,TSV 1860 München,4,3,0,1,8,12,4,False,True,9,True,0.75,0.0,0.25,2.25,3.0,1.0,2.0,3.0,12,75.0,4 - Occasional (<50),171,2,42,2
173,173.0,KV Mechelen,6,2,3,1,6,9,3,False,True,9,True,0.3333,0.5,0.1667,1.5,1.5,0.5,1.0,2.0,18,50.0,4 - Occasional (<50),171,127,49,67
174,174.0,Bohemians Praha 1905,4,3,0,1,5,7,2,False,True,9,True,0.75,0.0,0.25,2.25,1.75,0.5,1.25,3.0,12,75.0,4 - Occasional (<50),171,2,53,2
175,175.0,1. FC Magdeburg,8,3,0,5,4,15,11,False,True,9,True,0.375,0.0,0.625,1.125,1.875,1.375,0.5,0.6,24,37.5,4 - Occasional (<50),171,107,54,160
176,176.0,Sparta Rotterdam,6,3,0,3,1,12,11,False,True,9,True,0.5,0.0,0.5,1.5,2.0,1.833,0.167,1.0,18,50.0,4 - Occasional (<50),171,28,76,67
177,177.0,Parma Calcio 1913,6,2,3,1,1,6,5,False,True,9,True,0.3333,0.5,0.1667,1.5,1.0,0.833,0.167,2.0,18,50.0,4 - Occasional (<50),171,127,76,67
178,178.0,RC Celta,8,2,3,3,-2,9,11,False,True,9,True,0.25,0.375,0.375,1.125,1.125,1.375,-0.25,0.667,24,37.5,4 - Occasional (<50),171,174,115,160
179,179.0,Polonia Bytom,6,3,0,3,-4,8,12,False,True,9,True,0.5,0.0,0.5,1.5,1.333,2.0,-0.667,1.0,18,50.0,4 - Occasional (<50),171,28,155,67
180,180.0,RCD Mallorca,6,3,0,3,-5,4,9,False,True,9,True,0.5,0.0,0.5,1.5,0.667,1.5,-0.833,1.0,18,50.0,4 - Occasional (<50),171,28,173,67
181,181.0,Waterford FC,12,3,0,9,-21,14,35,False,True,9,True,0.25,0.0,0.75,0.75,1.167,2.917,-1.75,0.333,36,25.0,4 - Occasional (<50),171,174,295,220
182,182.0,ÍA Akranes,16,2,3,11,-24,15,39,False,True,9,True,0.125,0.1875,0.6875,0.5625,0.938,2.438,-1.5,0.182,48,18.75,4 - Occasional (<50),171,244,305,246
183,183.0,Dundalk FC,16,2,3,11,-30,10,40,False,True,9,True,0.125,0.1875,0.6875,0.5625,0.625,2.5,-1.875,0.182,48,18.75,4 - Occasional (<50),171,244,321,246
184,184.0,Valur Reykjavík,16,2,3,11,-41,9,50,False,True,9,True,0.125,0.1875,0.6875,0.5625,0.562,3.125,-2.562,0.182,48,18.75,4 - Occasional (<50),171,244,334,246
185,185.0,KSK Beveren,6,2,2,2,3,11,8,False,True,8,True,0.3333,0.3333,0.3333,1.3333,1.833,1.333,0.5,1.0,18,44.44,4 - Occasional (<50),185,127,60,111
186,186.0,FC Unirea,6,2,2,2,0,8,8,False,True,8,True,0.3333,0.3333,0.3333,1.3333,1.333,1.333,0.0,1.0,18,44.44,4 - Occasional (<50),185,127,85,111
187,187.0,Wisła Kraków,6,2,2,2,-1,10,11,False,True,8,True,0.3333,0.3333,0.3333,1.3333,1.667,1.833,-0.167,1.0,18,44.44,4 - Occasional (<50),185,127,101,111
188,188.0,Wolverhampton Wanderers,8,2,2,4,-4,12,16,False,True,8,True,0.25,0.25,0.5,1.0,1.5,2.0,-0.5,0.5,24,33.33,4 - Occasional (<50),185,174,155,178
189,189.0,KB København,11,2,2,7,-11,14,25,False,True,8,True,0.1818,0.1818,0.6364,0.7273,1.273,2.273,-1.0,0.286,33,24.24,4 - Occasional (<50),185,214,244,230
190,190.0,FC Reipas Lahti (old),8,2,2,4,-22,8,30,False,True,8,True,0.25,0.25,0.5,1.0,1.0,3.75,-2.75,0.5,24,33.33,4 - Occasional (<50),185,174,298,178
191,191.0,KRC Genk,18,0,8,10,-36,9,45,False,True,8,True,0.0,0.4444,0.5556,0.4444,0.5,2.5,-2.0,0.0,54,14.81,4 - Occasional (<50),185,265,327,275
192,192.0,Inter Bratislava,4,2,1,1,2,8,6,False,True,7,True,0.5,0.25,0.25,1.75,2.0,1.5,0.5,2.0,12,58.33,4 - Occasional (<50),192,28,64,26
193,193.0,Lyngby BK,6,2,1,3,2,7,5,False,True,7,True,0.3333,0.1667,0.5,1.1667,1.167,0.833,0.333,0.667,18,38.89,4 - Occasional (<50),192,127,64,150
194,194.0,Zorya Lugansk,4,2,1,1,2,3,1,False,True,7,True,0.5,0.25,0.25,1.75,0.75,0.25,0.5,2.0,12,58.33,4 - Occasional (<50),192,28,64,26
195,195.0,FC Sion,4,2,1,1,1,9,8,False,True,7,True,0.5,0.25,0.25,1.75,2.25,2.0,0.25,2.0,12,58.33,4 - Occasional (<50),192,28,76,26
196,196.0,Hellas Verona,4,2,1,1,1,5,4,False,True,7,True,0.5,0.25,0.25,1.75,1.25,1.0,0.25,2.0,12,58.33,4 - Occasional (<50),192,28,76,26
197,197.0,MFK Vítkovice,4,2,1,1,-1,4,5,False,True,7,True,0.5,0.25,0.25,1.75,1.0,1.25,-0.25,2.0,12,58.33,4 - Occasional (<50),192,28,101,26
198,198.0,Udinese Calcio,6,2,1,3,-2,10,12,False,True,7,True,0.3333,0.1667,0.5,1.1667,1.667,2.0,-0.333,0.667,18,38.89,4 - Occasional (<50),192,127,115,150
199,199.0,B 1903 København,8,2,1,5,-4,7,11,False,True,7,True,0.25,0.125,0.625,0.875,0.875,1.375,-0.5,0.4,24,29.17,4 - Occasional (<50),192,174,155,205
200,,FC Sheriff,6,2,1,3,-4,7,11,False,True,7,True,0.3333,0.1667,0.5,1.1667,1.167,1.833,-0.667,0.667,18,38.89,4 - Occasional (<50),192,127,155,150
201,201.0,Real Betis,6,2,1,3,-4,3,7,False,True,7,True,0.3333,0.1667,0.5,1.1667,0.5,1.167,-0.667,0.667,18,38.89,4 - Occasional (<50),192,127,155,150
202,202.0,Hvidovre IF,8,1,4,3,-6,13,19,False,True,7,True,0.125,0.5,0.375,0.875,1.625,2.375,-0.75,0.333,24,29.17,4 - Occasional (<50),192,244,190,205
203,203.0,Petrolul Ploieşti,8,2,1,5,-7,8,15,False,True,7,True,0.25,0.125,0.625,0.875,1.0,1.875,-0.875,0.4,24,29.17,4 - Occasional (<50),192,174,207,205
204,204.0,Djurgårdens IF,8,2,1,5,-9,7,16,False,True,7,True,0.25,0.125,0.625,0.875,0.875,2.0,-1.125,0.4,24,29.17,4 - Occasional (<50),192,174,230,205
205,205.0,Slavia Praha,12,1,4,7,-17,9,26,False,True,7,True,0.0833,0.3333,0.5833,0.5833,0.75,2.167,-1.417,0.143,36,19.44,4 - Occasional (<50),192,259,276,244
206,206.0,PFC Ludogorets Razgrad,12,1,4,7,-18,11,29,False,True,7,True,0.0833,0.3333,0.5833,0.5833,0.917,2.417,-1.5,0.143,36,19.44,4 - Occasional (<50),192,259,280,244
207,207.0,Zbrojovka Brno,4,1,3,0,2,7,5,False,True,6,True,0.25,0.75,0.0,1.5,1.75,1.25,0.5,,12,50.0,4 - Occasional (<50),207,174,64,67
208,208.0,B 1913 Odense,4,2,0,2,1,15,14,False,True,6,True,0.5,0.0,0.5,1.5,3.75,3.5,0.25,1.0,12,50.0,4 - Occasional (<50),207,28,76,67
209,209.0,Burnley FC,4,2,0,2,0,8,8,False,True,6,True,0.5,0.0,0.5,1.5,2.0,2.0,0.0,1.0,12,50.0,4 - Occasional (<50),207,28,85,67
210,210.0,Cagliari Calcio,4,2,0,2,0,5,5,False,True,6,True,0.5,0.0,0.5,1.5,1.25,1.25,0.0,1.0,12,50.0,4 - Occasional (<50),207,28,85,67
211,,Eintracht Braunschweig,5,2,0,3,0,5,5,False,True,6,True,0.4,0.0,0.6,1.2,1.0,1.0,0.0,0.667,15,40.0,4 - Occasional (<50),207,91,85,144
212,212.0,FC Twente,6,1,3,2,-2,9,11,False,True,6,True,0.1667,0.5,0.3333,1.0,1.5,1.833,-0.333,0.5,18,33.33,4 - Occasional (<50),207,215,115,178
213,213.0,RWDM Brussels FC,4,2,0,2,-3,6,9,False,True,6,True,0.5,0.0,0.5,1.5,1.5,2.25,-0.75,1.0,12,50.0,4 - Occasional (<50),207,28,132,67
214,214.0,FC Petržalka,6,1,3,2,-4,5,9,False,True,6,True,0.1667,0.5,0.3333,1.0,0.833,1.5,-0.667,0.5,18,33.33,4 - Occasional (<50),207,215,155,178
215,215.0,Anorthosis Famagusta,8,1,3,4,-5,9,14,False,True,6,True,0.125,0.375,0.5,0.75,1.125,1.75,-0.625,0.25,24,25.0,4 - Occasional (<50),207,244,173,220
216,216.0,Lyn Oslo,10,2,0,8,-27,14,41,False,True,6,True,0.2,0.0,0.8,0.6,1.4,4.1,-2.7,0.25,30,20.0,4 - Occasional (<50),207,209,312,243
217,217.0,Torino FC,4,1,2,1,0,4,4,False,True,5,True,0.25,0.5,0.25,1.25,1.0,1.0,0.0,1.0,12,41.67,4 - Occasional (<50),217,174,85,130
218,218.0,FK Sarajevo,6,1,2,3,-1,8,9,False,True,5,True,0.1667,0.3333,0.5,0.8333,1.333,1.5,-0.167,0.333,18,27.78,4 - Occasional (<50),217,215,101,209
219,219.0,Hapoel Tel Aviv,6,1,2,3,-3,7,10,False,True,5,True,0.1667,0.3333,0.5,0.8333,1.167,1.667,-0.5,0.333,18,27.78,4 - Occasional (<50),217,215,132,209
220,220.0,Gwardia Warszawa,5,1,2,2,-3,6,9,False,True,5,True,0.2,0.4,0.4,1.0,1.2,1.8,-0.6,0.5,15,33.33,4 - Occasional (<50),217,209,132,178
221,221.0,Kilmarnock FC,4,1,2,1,-3,4,7,False,True,5,True,0.25,0.5,0.25,1.25,1.0,1.75,-0.75,1.0,12,41.67,4 - Occasional (<50),217,174,132,130
222,222.0,FC Hradec Králové,4,1,2,1,-3,2,5,False,True,5,True,0.25,0.5,0.25,1.25,0.5,1.25,-0.75,1.0,12,41.67,4 - Occasional (<50),217,174,132,130
223,223.0,FC La Chaux-de-Fonds,4,1,2,1,-4,5,9,False,True,5,True,0.25,0.5,0.25,1.25,1.25,2.25,-1.0,1.0,12,41.67,4 - Occasional (<50),217,174,155,130
224,224.0,FK Krasnodar,6,1,2,3,-5,6,11,False,True,5,True,0.1667,0.3333,0.5,0.8333,1.0,1.833,-0.833,0.333,18,27.78,4 - Occasional (<50),217,215,173,209
225,225.0,FK Rostov,6,1,2,3,-6,6,12,False,True,5,True,0.1667,0.3333,0.5,0.8333,1.0,2.0,-1.0,0.333,18,27.78,4 - Occasional (<50),217,215,190,209
226,226.0,Helsingborgs IF,6,1,2,3,-8,6,14,False,True,5,True,0.1667,0.3333,0.5,0.8333,1.0,2.333,-1.333,0.333,18,27.78,4 - Occasional (<50),217,215,219,209
227,227.0,Bohemian FC,6,1,2,3,-9,4,13,False,True,5,True,0.1667,0.3333,0.5,0.8333,0.667,2.167,-1.5,0.333,18,27.78,4 - Occasional (<50),217,215,230,209
228,228.0,Viking FK,14,1,2,11,-18,11,29,False,True,5,True,0.0714,0.1429,0.7857,0.3571,0.786,2.071,-1.286,0.091,42,11.9,4 - Occasional (<50),217,262,280,282
229,229.0,Hibernians FC,12,1,2,9,-28,8,36,False,True,5,True,0.0833,0.1667,0.75,0.4167,0.667,3.0,-2.333,0.111,36,13.89,4 - Occasional (<50),217,259,315,277
230,230.0,Rapid Bucureşti,4,1,1,2,0,3,3,False,True,4,True,0.25,0.25,0.5,1.0,0.75,0.75,0.0,0.5,12,33.33,4 - Occasional (<50),230,174,85,178
231,,Spartak Plovdiv,4,1,1,2,0,3,3,False,True,4,True,0.25,0.25,0.5,1.0,0.75,0.75,0.0,0.5,12,33.33,4 - Occasional (<50),230,174,85,178
232,232.0,Bologna FC,3,1,1,1,0,2,2,False,True,4,True,0.3333,0.3333,0.3333,1.3333,0.667,0.667,0.0,1.0,9,44.44,4 - Occasional (<50),230,127,85,111
233,233.0,AB Gladsaxe,4,1,1,2,-1,4,5,False,True,4,True,0.25,0.25,0.5,1.0,1.0,1.25,-0.25,0.5,12,33.33,4 - Occasional (<50),230,174,101,178
234,234.0,Halmstads BK,4,1,1,2,-2,4,6,False,True,4,True,0.25,0.25,0.5,1.0,1.0,1.5,-0.5,0.5,12,33.33,4 - Occasional (<50),230,174,115,178
235,235.0,Blackburn Rovers,6,1,1,4,-3,5,8,False,True,4,True,0.1667,0.1667,0.6667,0.6667,0.833,1.333,-0.5,0.25,18,22.22,4 - Occasional (<50),230,215,132,232
236,236.0,FC Thun Berner Oberland,6,1,1,4,-5,4,9,False,True,4,True,0.1667,0.1667,0.6667,0.6667,0.667,1.5,-0.833,0.25,18,22.22,4 - Occasional (<50),230,215,173,232
237,237.0,FK Astana,6,0,4,2,-6,5,11,False,True,4,True,0.0,0.6667,0.3333,0.6667,0.833,1.833,-1.0,0.0,18,22.22,4 - Occasional (<50),230,265,190,232
238,238.0,sc Heerenveen,6,1,1,4,-6,3,9,False,True,4,True,0.1667,0.1667,0.6667,0.6667,0.5,1.5,-1.0,0.25,18,22.22,4 - Occasional (<50),230,215,190,232
239,239.0,PAOK Saloniki,6,1,1,4,-7,5,12,False,True,4,True,0.1667,0.1667,0.6667,0.6667,0.833,2.0,-1.167,0.25,18,22.22,4 - Occasional (<50),230,215,207,232
240,240.0,Östers IF,8,1,1,6,-11,3,14,False,True,4,True,0.125,0.125,0.75,0.5,0.375,1.75,-1.375,0.167,24,16.67,4 - Occasional (<50),230,244,244,252
241,241.0,AIK Solna,8,1,1,6,-13,5,18,False,True,4,True,0.125,0.125,0.75,0.5,0.625,2.25,-1.625,0.167,24,16.67,4 - Occasional (<50),230,244,257,252
242,242.0,Fredrikstad FK,8,1,1,6,-16,6,22,False,True,4,True,0.125,0.125,0.75,0.5,0.75,2.75,-2.0,0.167,24,16.67,4 - Occasional (<50),230,244,270,252
243,243.0,Shamrock Rovers,14,0,4,10,-21,7,28,False,True,4,True,0.0,0.2857,0.7143,0.2857,0.5,2.0,-1.5,0.0,42,9.52,4 - Occasional (<50),230,265,295,291
244,244.0,Maccabi Tel Aviv,14,1,1,12,-27,5,32,False,True,4,True,0.0714,0.0714,0.8571,0.2857,0.357,2.286,-1.929,0.083,42,9.52,4 - Occasional (<50),230,262,312,291
245,245.0,AE Lárissa,2,1,0,1,0,3,3,False,True,3,True,0.5,0.0,0.5,1.5,1.5,1.5,0.0,1.0,6,50.0,4 - Occasional (<50),245,28,85,67
246,246.0,Dinamo Tbilisi,4,1,0,3,-1,7,8,False,True,3,True,0.25,0.0,0.75,0.75,1.75,2.0,-0.25,0.333,12,25.0,4 - Occasional (<50),245,174,101,220
247,247.0,FK Vllaznia,2,1,0,1,-1,3,4,False,True,3,True,0.5,0.0,0.5,1.5,1.5,2.0,-0.5,1.0,6,50.0,4 - Occasional (<50),245,28,101,67
248,248.0,Torpedo Moskva,4,0,3,1,-1,0,1,False,True,3,True,0.0,0.75,0.25,0.75,0.0,0.25,-0.25,0.0,12,25.0,4 - Occasional (<50),245,265,101,220
249,249.0,1. FC Saarbrücken,2,1,0,1,-2,5,7,False,True,3,True,0.5,0.0,0.5,1.5,2.5,3.5,-1.0,1.0,6,50.0,4 - Occasional (<50),245,28,115,67
250,250.0,Zagłębie Lubin,2,1,0,1,-2,2,4,False,True,3,True,0.5,0.0,0.5,1.5,1.0,2.0,-1.0,1.0,6,50.0,4 - Occasional (<50),245,28,115,67
251,251.0,Hansa Rostock,2,1,0,1,-2,1,3,False,True,3,True,0.5,0.0,0.5,1.5,0.5,1.5,-1.0,1.0,6,50.0,4 - Occasional (<50),245,28,115,67
252,,KA Akureyri,2,1,0,1,-2,1,3,False,True,3,True,0.5,0.0,0.5,1.5,0.5,1.5,-1.0,1.0,6,50.0,4 - Occasional (<50),245,28,115,67
253,253.0,1899 Hoffenheim,6,0,3,3,-3,11,14,False,True,3,True,0.0,0.5,0.5,0.5,1.833,2.333,-0.5,0.0,18,16.67,4 - Occasional (<50),245,265,132,252
254,254.0,Botev Plovdiv,4,1,0,3,-3,5,8,False,True,3,True,0.25,0.0,0.75,0.75,1.25,2.0,-0.75,0.333,12,25.0,4 - Occasional (<50),245,174,132,220
255,255.0,Apollon Limassol,4,1,0,3,-3,4,7,False,True,3,True,0.25,0.0,0.75,0.75,1.0,1.75,-0.75,0.333,12,25.0,4 - Occasional (<50),245,174,132,220
256,,Szombierki Bytom,4,1,0,3,-3,4,7,False,True,3,True,0.25,0.0,0.75,0.75,1.0,1.75,-0.75,0.333,12,25.0,4 - Occasional (<50),245,174,132,220
257,257.0,FC Differdange 03,2,1,0,1,-4,3,7,False,True,3,True,0.5,0.0,0.5,1.5,1.5,3.5,-2.0,1.0,6,50.0,4 - Occasional (<50),245,28,155,67
258,258.0,ŁKS Łódź,2,1,0,1,-4,2,6,False,True,3,True,0.5,0.0,0.5,1.5,1.0,3.0,-2.0,1.0,6,50.0,4 - Occasional (<50),245,28,155,67
259,259.0,Heart of Midlothian,4,1,0,3,-7,4,11,False,True,3,True,0.25,0.0,0.75,0.75,1.0,2.75,-1.75,0.333,12,25.0,4 - Occasional (<50),245,174,207,220
260,260.0,Molde FK,6,1,0,5,-8,6,14,False,True,3,True,0.1667,0.0,0.8333,0.5,1.0,2.333,-1.333,0.2,18,16.67,4 - Occasional (<50),245,215,219,252
261,261.0,İstanbul Başakşehir,6,1,0,5,-11,7,18,False,True,3,True,0.1667,0.0,0.8333,0.5,1.167,3.0,-1.833,0.2,18,16.67,4 - Occasional (<50),245,215,244,252
262,262.0,Derry City,6,1,0,5,-15,9,24,False,True,3,True,0.1667,0.0,0.8333,0.5,1.5,4.0,-2.5,0.2,18,16.67,4 - Occasional (<50),245,215,267,252
263,263.0,Royal Antwerp FC,8,1,0,7,-18,7,25,False,True,3,True,0.125,0.0,0.875,0.375,0.875,3.125,-2.25,0.143,24,12.5,4 - Occasional (<50),245,244,280,278
264,264.0,TPS Turku,8,1,0,7,-19,4,23,False,True,3,True,0.125,0.0,0.875,0.375,0.5,2.875,-2.375,0.143,24,12.5,4 - Occasional (<50),245,244,286,278
265,265.0,Haka Valkeakoski,8,1,0,7,-21,7,28,False,True,3,True,0.125,0.0,0.875,0.375,0.875,3.5,-2.625,0.143,24,12.5,4 - Occasional (<50),245,244,295,278
266,266.0,Drumcondra Dublin,6,1,0,5,-22,3,25,False,True,3,True,0.1667,0.0,0.8333,0.5,0.5,4.167,-3.667,0.2,18,16.67,4 - Occasional (<50),245,215,298,252
267,267.0,Hamrun Spartans,8,1,0,7,-24,2,26,False,True,3,True,0.125,0.0,0.875,0.375,0.25,3.25,-3.0,0.143,24,12.5,4 - Occasional (<50),245,244,305,278
268,268.0,Spora Luxemburg,7,1,0,6,-29,7,36,False,True,3,True,0.1429,0.0,0.8571,0.4286,1.0,5.143,-4.143,0.167,21,14.29,4 - Occasional (<50),245,241,318,276
269,269.0,Valletta FC,10,1,0,9,-38,5,43,False,True,3,True,0.1,0.0,0.9,0.3,0.5,4.3,-3.8,0.111,30,10.0,4 - Occasional (<50),245,258,330,290
270,270.0,Floriana FC,14,0,3,11,-48,3,51,False,True,3,True,0.0,0.2143,0.7857,0.2143,0.214,3.643,-3.429,0.0,42,7.14,4 - Occasional (<50),245,265,343,297
271,271.0,Flamurtari Vlorë,2,0,2,0,0,1,1,False,True,2,True,0.0,1.0,0.0,1.0,0.5,0.5,0.0,,6,33.33,4 - Occasional (<50),271,265,85,178
272,272.0,1. FC Union Berlin,6,0,2,4,-4,6,10,False,True,2,True,0.0,0.3333,0.6667,0.3333,1.0,1.667,-0.667,0.0,18,11.11,4 - Occasional (<50),271,265,155,283
273,273.0,Montpellier HSC,6,0,2,4,-6,6,12,False,True,2,True,0.0,0.3333,0.6667,0.3333,1.0,2.0,-1.0,0.0,18,11.11,4 - Occasional (<50),271,265,190,283
274,274.0,Athlone Town,4,0,2,2,-7,7,14,False,True,2,True,0.0,0.5,0.5,0.5,1.75,3.5,-1.75,0.0,12,16.67,4 - Occasional (<50),271,265,207,252
275,275.0,Willem II,6,0,2,4,-8,7,15,False,True,2,True,0.0,0.3333,0.6667,0.3333,1.167,2.5,-1.333,0.0,18,11.11,4 - Occasional (<50),271,265,219,283
276,276.0,Vålerenga IF,6,0,2,4,-9,5,14,False,True,2,True,0.0,0.3333,0.6667,0.3333,0.833,2.333,-1.5,0.0,18,11.11,4 - Occasional (<50),271,265,230,283
277,277.0,FC Midtjylland,6,0,2,4,-9,4,13,False,True,2,True,0.0,0.3333,0.6667,0.3333,0.667,2.167,-1.5,0.0,18,11.11,4 - Occasional (<50),271,265,230,283
278,278.0,Qarabağ FK,6,0,2,4,-12,2,14,False,True,2,True,0.0,0.3333,0.6667,0.3333,0.333,2.333,-2.0,0.0,18,11.11,4 - Occasional (<50),271,265,251,283
279,279.0,UTA Arad,6,0,2,4,-14,3,17,False,True,2,True,0.0,0.3333,0.6667,0.3333,0.5,2.833,-2.333,0.0,18,11.11,4 - Occasional (<50),271,265,261,283
280,280.0,Fram Reykjavík,8,0,2,6,-24,4,28,False,True,2,True,0.0,0.25,0.75,0.25,0.5,3.5,-3.0,0.0,24,8.33,4 - Occasional (<50),271,265,305,293
281,281.0,Csepel SC,2,0,1,1,-1,3,4,False,True,1,True,0.0,0.5,0.5,0.5,1.5,2.0,-0.5,0.0,6,16.67,4 - Occasional (<50),281,265,101,252
282,282.0,ÍBV Vestmannaeyjar,2,0,1,1,-1,1,2,False,True,1,True,0.0,0.5,0.5,0.5,0.5,1.0,-0.5,0.0,6,16.67,4 - Occasional (<50),281,265,101,252
283,,Skeid Fotball,2,0,1,1,-1,1,2,False,True,1,True,0.0,0.5,0.5,0.5,0.5,1.0,-0.5,0.0,6,16.67,4 - Occasional (<50),281,265,101,252
284,284.0,FC Aarau,2,0,1,1,-1,0,1,False,True,1,True,0.0,0.5,0.5,0.5,0.0,0.5,-0.5,0.0,6,16.67,4 - Occasional (<50),281,265,101,252
285,,FC Admira Wacker,2,0,1,1,-1,0,1,False,True,1,True,0.0,0.5,0.5,0.5,0.0,0.5,-0.5,0.0,6,16.67,4 - Occasional (<50),281,265,101,252
286,286.0,Etar Veliko Tarnovo,2,0,1,1,-2,1,3,False,True,1,True,0.0,0.5,0.5,0.5,0.5,1.5,-1.0,0.0,6,16.67,4 - Occasional (<50),281,265,115,252
287,,PFC Beroe,2,0,1,1,-2,1,3,False,True,1,True,0.0,0.5,0.5,0.5,0.5,1.5,-1.0,0.0,6,16.67,4 - Occasional (<50),281,265,115,252
288,288.0,Śląsk Wrocław,2,0,1,1,-3,2,5,False,True,1,True,0.0,0.5,0.5,0.5,1.0,2.5,-1.5,0.0,6,16.67,4 - Occasional (<50),281,265,132,252
289,289.0,Glenavon FC,2,0,1,1,-3,0,3,False,True,1,True,0.0,0.5,0.5,0.5,0.0,1.5,-1.5,0.0,6,16.67,4 - Occasional (<50),281,265,132,252
290,290.0,Rot-Weiss Essen,2,0,1,1,-4,1,5,False,True,1,True,0.0,0.5,0.5,0.5,0.5,2.5,-2.0,0.0,6,16.67,4 - Occasional (<50),281,265,155,252
291,,St Patrick's Athletic,2,0,1,1,-4,1,5,False,True,1,True,0.0,0.5,0.5,0.5,0.5,2.5,-2.0,0.0,6,16.67,4 - Occasional (<50),281,265,155,252
292,292.0,FC Lausanne-Sport,2,0,1,1,-4,0,4,False,True,1,True,0.0,0.5,0.5,0.5,0.0,2.0,-2.0,0.0,6,16.67,4 - Occasional (<50),281,265,155,252
293,293.0,Lisburn Distillery,2,0,1,1,-5,3,8,False,True,1,True,0.0,0.5,0.5,0.5,1.5,4.0,-2.5,0.0,6,16.67,4 - Occasional (<50),281,265,173,252
294,294.0,FC Blau Weiß Linz,2,0,1,1,-5,0,5,False,True,1,True,0.0,0.5,0.5,0.5,0.0,2.5,-2.5,0.0,6,16.67,4 - Occasional (<50),281,265,173,252
295,295.0,Stade Rennais,6,0,1,5,-8,3,11,False,True,1,True,0.0,0.1667,0.8333,0.1667,0.5,1.833,-1.333,0.0,18,5.56,4 - Occasional (<50),281,265,219,298
296,296.0,FC Dinamo City,6,0,1,5,-10,1,11,False,True,1,True,0.0,0.1667,0.8333,0.1667,0.167,1.833,-1.667,0.0,18,5.56,4 - Occasional (<50),281,265,240,298
297,297.0,Skonto FC,4,0,1,3,-11,0,11,False,True,1,True,0.0,0.25,0.75,0.25,0.0,2.75,-2.75,0.0,12,8.33,4 - Occasional (<50),281,265,244,293
298,298.0,Lierse SK,8,0,1,7,-14,3,17,False,True,1,True,0.0,0.125,0.875,0.125,0.375,2.125,-1.75,0.0,24,4.17,4 - Occasional (<50),281,265,261,307
299,299.0,Bursaspor,6,0,1,5,-14,2,16,False,True,1,True,0.0,0.1667,0.8333,0.1667,0.333,2.667,-2.333,0.0,18,5.56,4 - Occasional (<50),281,265,261,298
300,300.0,B 1909 Odense,6,0,1,5,-15,6,21,False,True,1,True,0.0,0.1667,0.8333,0.1667,1.0,3.5,-2.5,0.0,18,5.56,4 - Occasional (<50),281,265,267,298
301,301.0,Odense BK,6,0,1,5,-16,4,20,False,True,1,True,0.0,0.1667,0.8333,0.1667,0.667,3.333,-2.667,0.0,18,5.56,4 - Occasional (<50),281,265,270,298
302,302.0,Progrès Niedercorn,4,0,1,3,-16,1,17,False,True,1,True,0.0,0.25,0.75,0.25,0.25,4.25,-4.0,0.0,12,8.33,4 - Occasional (<50),281,265,270,293
303,303.0,Kuopion PS,6,0,1,5,-17,4,21,False,True,1,True,0.0,0.1667,0.8333,0.1667,0.667,3.5,-2.833,0.0,18,5.56,4 - Occasional (<50),281,265,276,298
304,304.0,OPS Oulu,4,0,1,3,-17,2,19,False,True,1,True,0.0,0.25,0.75,0.25,0.5,4.75,-4.25,0.0,12,8.33,4 - Occasional (<50),281,265,276,293
305,305.0,FC Nordsjælland,6,0,1,5,-18,4,22,False,True,1,True,0.0,0.1667,0.8333,0.1667,0.667,3.667,-3.0,0.0,18,5.56,4 - Occasional (<50),281,265,280,298
306,306.0,Aris Bonnevoie,6,0,1,5,-19,6,25,False,True,1,True,0.0,0.1667,0.8333,0.1667,1.0,4.167,-3.167,0.0,18,5.56,4 - Occasional (<50),281,265,286,298
307,307.0,Olympiakos Nikosia,6,0,1,5,-32,4,36,False,True,1,True,0.0,0.1667,0.8333,0.1667,0.667,6.0,-5.333,0.0,18,5.56,4 - Occasional (<50),281,265,324,298
308,308.0,FC Utrecht,2,0,0,2,-2,4,6,False,True,0,True,0.0,0.0,1.0,0.0,2.0,3.0,-1.0,0.0,6,0.0,4 - Occasional (<50),308,265,115,308
309,309.0,Cork City,2,0,0,2,-2,1,3,False,True,0,True,0.0,0.0,1.0,0.0,0.5,1.5,-1.0,0.0,6,0.0,4 - Occasional (<50),308,265,115,308
310,310.0,Roda JC Kerkrade,2,0,0,2,-3,3,6,False,True,0,True,0.0,0.0,1.0,0.0,1.5,3.0,-1.5,0.0,6,0.0,4 - Occasional (<50),308,265,132,308
311,311.0,Chemnitzer FC,2,0,0,2,-3,2,5,False,True,0,True,0.0,0.0,1.0,0.0,1.0,2.5,-1.5,0.0,6,0.0,4 - Occasional (<50),308,265,132,308
312,,LASK,2,0,0,2,-3,2,5,False,True,0,True,0.0,0.0,1.0,0.0,1.0,2.5,-1.5,0.0,6,0.0,4 - Occasional (<50),308,265,132,308
313,313.0,Željezničar Sarajevo,2,0,0,2,-3,1,4,False,True,0,True,0.0,0.0,1.0,0.0,0.5,2.0,-1.5,0.0,6,0.0,4 - Occasional (<50),308,265,132,308
314,314.0,Örgryte IS,2,0,0,2,-4,3,7,False,True,0,True,0.0,0.0,1.0,0.0,1.5,3.5,-2.0,0.0,6,0.0,4 - Occasional (<50),308,265,155,308
315,315.0,FKS Stal Mielec,4,0,0,4,-4,2,6,False,True,0,True,0.0,0.0,1.0,0.0,0.5,1.5,-1.0,0.0,12,0.0,4 - Occasional (<50),308,265,155,308
316,,SG Sachsen Leipzig,2,0,0,2,-4,2,6,False,True,0,True,0.0,0.0,1.0,0.0,1.0,3.0,-2.0,0.0,6,0.0,4 - Occasional (<50),308,265,155,308
317,317.0,Moss FK,2,0,0,2,-4,0,4,False,True,0,True,0.0,0.0,1.0,0.0,0.0,2.0,-2.0,0.0,6,0.0,4 - Occasional (<50),308,265,155,308
318,318.0,Beitar Jerusalem,2,0,0,2,-5,2,7,False,True,0,True,0.0,0.0,1.0,0.0,1.0,3.5,-2.5,0.0,6,0.0,4 - Occasional (<50),308,265,173,308
319,,Pezoporikos Larnaca,2,0,0,2,-5,2,7,False,True,0,True,0.0,0.0,1.0,0.0,1.0,3.5,-2.5,0.0,6,0.0,4 - Occasional (<50),308,265,173,308
320,,Tavriya Simferopol (1958-2014),2,0,0,2,-5,2,7,False,True,0,True,0.0,0.0,1.0,0.0,1.0,3.5,-2.5,0.0,6,0.0,4 - Occasional (<50),308,265,173,308
321,321.0,Ilves Tampere,2,0,0,2,-5,1,6,False,True,0,True,0.0,0.0,1.0,0.0,0.5,3.0,-2.5,0.0,6,0.0,4 - Occasional (<50),308,265,173,308
322,322.0,FC Luzern,2,0,0,2,-5,0,5,False,True,0,True,0.0,0.0,1.0,0.0,0.0,2.5,-2.5,0.0,6,0.0,4 - Occasional (<50),308,265,173,308
323,323.0,Cork Celtic,2,0,0,2,-6,1,7,False,True,0,True,0.0,0.0,1.0,0.0,0.5,3.5,-3.0,0.0,6,0.0,4 - Occasional (<50),308,265,190,308
324,,Cork Hibernians,2,0,0,2,-6,1,7,False,True,0,True,0.0,0.0,1.0,0.0,0.5,3.5,-3.0,0.0,6,0.0,4 - Occasional (<50),308,265,190,308
325,,Køge BK,2,0,0,2,-6,1,7,False,True,0,True,0.0,0.0,1.0,0.0,0.5,3.5,-3.0,0.0,6,0.0,4 - Occasional (<50),308,265,190,308
326,,Shelbourne FC,2,0,0,2,-6,1,7,False,True,0,True,0.0,0.0,1.0,0.0,0.5,3.5,-3.0,0.0,6,0.0,4 - Occasional (<50),308,265,190,308
327,,Strømsgodset IF,2,0,0,2,-6,1,7,False,True,0,True,0.0,0.0,1.0,0.0,0.5,3.5,-3.0,0.0,6,0.0,4 - Occasional (<50),308,265,190,308
328,328.0,KF Elbasani,2,0,0,2,-6,0,6,False,True,0,True,0.0,0.0,1.0,0.0,0.0,3.0,-3.0,0.0,6,0.0,4 - Occasional (<50),308,265,190,308
329,,Sligo Rovers,2,0,0,2,-6,0,6,False,True,0,True,0.0,0.0,1.0,0.0,0.0,3.0,-3.0,0.0,6,0.0,4 - Occasional (<50),308,265,190,308
330,,Vardar Skopje,2,0,0,2,-6,0,6,False,True,0,True,0.0,0.0,1.0,0.0,0.0,3.0,-3.0,0.0,6,0.0,4 - Occasional (<50),308,265,190,308
331,331.0,Helsingfors IFK,4,0,0,4,-7,5,12,False,True,0,True,0.0,0.0,1.0,0.0,1.25,3.0,-1.75,0.0,12,0.0,4 - Occasional (<50),308,265,207,308
332,332.0,Ards FC,2,0,0,2,-7,3,10,False,True,0,True,0.0,0.0,1.0,0.0,1.5,5.0,-3.5,0.0,6,0.0,4 - Occasional (<50),308,265,207,308
333,333.0,HPS Helsinki,2,0,0,2,-7,0,7,False,True,0,True,0.0,0.0,1.0,0.0,0.0,3.5,-3.5,0.0,6,0.0,4 - Occasional (<50),308,265,207,308
334,,Olimpija Ljubljana,2,0,0,2,-7,0,7,False,True,0,True,0.0,0.0,1.0,0.0,0.0,3.5,-3.5,0.0,6,0.0,4 - Occasional (<50),308,265,207,308
335,335.0,Víkingur Reykjavík,6,0,0,6,-8,5,13,False,True,0,True,0.0,0.0,1.0,0.0,0.833,2.167,-1.333,0.0,18,0.0,4 - Occasional (<50),308,265,219,308
336,336.0,Oţelul Galaţi,6,0,0,6,-8,3,11,False,True,0,True,0.0,0.0,1.0,0.0,0.5,1.833,-1.333,0.0,18,0.0,4 - Occasional (<50),308,265,219,308
337,337.0,IK Start,4,0,0,4,-8,2,10,False,True,0,True,0.0,0.0,1.0,0.0,0.5,2.5,-2.0,0.0,12,0.0,4 - Occasional (<50),308,265,219,308
338,338.0,FK Žalgiris,2,0,0,2,-8,0,8,False,True,0,True,0.0,0.0,1.0,0.0,0.0,4.0,-4.0,0.0,6,0.0,4 - Occasional (<50),308,265,219,308
339,339.0,Coleraine FC,2,0,0,2,-10,1,11,False,True,0,True,0.0,0.0,1.0,0.0,0.5,5.5,-5.0,0.0,6,0.0,4 - Occasional (<50),308,265,240,308
340,340.0,FC VSS Košice,6,0,0,6,-11,2,13,False,True,0,True,0.0,0.0,1.0,0.0,0.333,2.167,-1.833,0.0,18,0.0,4 - Occasional (<50),308,265,244,308
341,341.0,Limerick FC (old),4,0,0,4,-12,4,16,False,True,0,True,0.0,0.0,1.0,0.0,1.0,4.0,-3.0,0.0,12,0.0,4 - Occasional (<50),308,265,251,308
342,342.0,AEL Limassol,2,0,0,2,-12,0,12,False,True,0,True,0.0,0.0,1.0,0.0,0.0,6.0,-6.0,0.0,6,0.0,4 - Occasional (<50),308,265,251,308
343,343.0,Debreceni VSC,6,0,0,6,-14,5,19,False,True,0,True,0.0,0.0,1.0,0.0,0.833,3.167,-2.333,0.0,18,0.0,4 - Occasional (<50),308,265,261,308
344,344.0,KPV Kokkola,2,0,0,2,-14,0,14,False,True,0,True,0.0,0.0,1.0,0.0,0.0,7.0,-7.0,0.0,6,0.0,4 - Occasional (<50),308,265,261,308
345,345.0,MŠK Žilina,6,0,0,6,-16,3,19,False,True,0,True,0.0,0.0,1.0,0.0,0.5,3.167,-2.667,0.0,18,0.0,4 - Occasional (<50),308,265,270,308
346,346.0,EPA Larnaca,2,0,0,2,-16,0,16,False,True,0,True,0.0,0.0,1.0,0.0,0.0,8.0,-8.0,0.0,6,0.0,4 - Occasional (<50),308,265,270,308
347,347.0,Crusaders FC,4,0,0,4,-19,0,19,False,True,0,True,0.0,0.0,1.0,0.0,0.0,4.75,-4.75,0.0,12,0.0,4 - Occasional (<50),308,265,286,308
348,348.0,Portadown FC,4,0,0,4,-20,1,21,False,True,0,True,0.0,0.0,1.0,0.0,0.25,5.25,-5.0,0.0,12,0.0,4 - Occasional (<50),308,265,293,308
349,349.0,Rabat Ajax,4,0,0,4,-20,0,20,False,True,0,True,0.0,0.0,1.0,0.0,0.0,5.0,-5.0,0.0,12,0.0,4 - Occasional (<50),308,265,293,308
350,350.0,KR Reykjavík,6,0,0,6,-28,7,35,False,True,0,True,0.0,0.0,1.0,0.0,1.167,5.833,-4.667,0.0,18,0.0,4 - Occasional (<50),308,265,315,308
351,351.0,Keflavík ÍF,8,0,0,8,-30,5,35,False,True,0,True,0.0,0.0,1.0,0.0,0.625,4.375,-3.75,0.0,24,0.0,4 - Occasional (<50),308,265,321,308
352,352.0,Stade Dudelange,4,0,0,4,-31,1,32,False,True,0,True,0.0,0.0,1.0,0.0,0.25,8.0,-7.75,0.0,12,0.0,4 - Occasional (<50),308,265,323,308
353,353.0,Union Luxembourg,8,0,0,8,-37,2,39,False,True,0,True,0.0,0.0,1.0,0.0,0.25,4.875,-4.625,0.0,24,0.0,4 - Occasional (<50),308,265,329,308
354,354.0,Avenir Beggen,8,0,0,8,-44,0,44,False,True,0,True,0.0,0.0,1.0,0.0,0.0,5.5,-5.5,0.0,24,0.0,4 - Occasional (<50),308,265,338,308
